Keyword,Title,Link,content
Anxious,This could be why you're depressed or anxious | Johann Hari | TED,https://www.youtube.com/embed/MB5IX-np5fE,This could be why you're depressed or anxious | Johann Hari | TED Anxious
Anxious,How to stop feeling anxious about anxiety | Tim Box | TEDxFolkestone,https://www.youtube.com/embed/ZidGozDhOjg,How to stop feeling anxious about anxiety | Tim Box | TEDxFolkestone Anxious
Anxious,Decrease your anxiety by 20% with EFT Tapping aka the emotional freedom technique #shorts #anxious,https://www.youtube.com/embed/mjDq53bzhHo,Decrease your anxiety by 20% with EFT Tapping aka the emotional freedom technique #shorts #anxious Anxious
Anxious,Dr. Gabor Mat√© on how chronic anxiety begins. #gabormate #anxiety #therapy,https://www.youtube.com/embed/7DYIyJPNKoY,Dr. Gabor Mat√© on how chronic anxiety begins. #gabormate #anxiety #therapy Anxious
Anxious,What's normal anxiety -- and what's an anxiety disorder? | Body Stuff with Dr. Jen Gunter | TED,https://www.youtube.com/embed/xsEJ6GeAGb0,What's normal anxiety -- and what's an anxiety disorder? | Body Stuff with Dr. Jen Gunter | TED Anxious
Anxious,What is Anxiety?,https://www.youtube.com/embed/BVJkf8IuRjE,What is Anxiety? Anxious
Anxious,&quot;Dealing with anxiety can be as simple as...&quot;,https://www.youtube.com/embed/1FL3afr0dO4,&quot;Dealing with anxiety can be as simple as...&quot; Anxious
Anxious,How to cope with anxiety | Olivia Remes | TEDxUHasselt,https://www.youtube.com/embed/WWloIAQpMcQ,How to cope with anxiety | Olivia Remes | TEDxUHasselt Anxious
Anxious,Catastrophizing: How to Stop Making Yourself Depressed and Anxious: Cognitive Distortion Skill #6,https://www.youtube.com/embed/b4pP6HyXRMI,Catastrophizing: How to Stop Making Yourself Depressed and Anxious: Cognitive Distortion Skill #6 Anxious
Anxious,Why Are You Anxious?,https://www.youtube.com/embed/iALfvFpcItE,Why Are You Anxious? Anxious
Anxious,How anxiety actually looks,https://www.youtube.com/embed/ibdrvXVwdN8,How anxiety actually looks Anxious
Anxious,Why do people get so anxious about math? - Orly Rubinsten,https://www.youtube.com/embed/7snnRaC4t5c,Why do people get so anxious about math? - Orly Rubinsten Anxious
Anxious,How to Deal With Anxiety - The Step-by-Step Guide,https://www.youtube.com/embed/PxjxY9VilCs,How to Deal With Anxiety - The Step-by-Step Guide Anxious
Anxious,Yoga for Anxiety - 20 Minute Practice - Yoga With Adriene,https://www.youtube.com/embed/bJJWArRfKa0,Yoga for Anxiety - 20 Minute Practice - Yoga With Adriene Anxious
Anxious,OCD and Anxiety Disorders: Crash Course Psychology #29,https://www.youtube.com/embed/aX7jnVXXG5o,OCD and Anxiety Disorders: Crash Course Psychology #29 Anxious
Anxious,10 Tips for Parenting Anxious Kids | Child Mind Institute,https://www.youtube.com/embed/c5ASysmOH_I,10 Tips for Parenting Anxious Kids | Child Mind Institute Anxious
Anxious,The One Question We Need to Ask Ourselves When We Feel Anxious,https://www.youtube.com/embed/D8Gc6_S6i0k,The One Question We Need to Ask Ourselves When We Feel Anxious Anxious
Anxious,Rewiring the Anxious Brain Part 2: 10 Skills to Beat Anxiety: Anxiety Skills #22,https://www.youtube.com/embed/Fb-clvcX7fI,Rewiring the Anxious Brain Part 2: 10 Skills to Beat Anxiety: Anxiety Skills #22 Anxious
Anxious,Heal My Anxious Mind,https://www.youtube.com/embed/qRuEpdRnczI,Heal My Anxious Mind Anxious
Anxious,4 Signs of Generalized Anxiety Disorder,https://www.youtube.com/embed/-Z8cRfb_DPY,4 Signs of Generalized Anxiety Disorder Anxious
Anxious,Yoga For Anxiety and Stress,https://www.youtube.com/embed/hJbRpHZr_d0,Yoga For Anxiety and Stress Anxious
Anxious,What is Anxious Depression?,https://www.youtube.com/embed/oWJuIkzjbPc,What is Anxious Depression? Anxious
Anxious,Overcoming Social Anxiety | Marielle Cornes | TEDxYouth@MBJH,https://www.youtube.com/embed/YqM-17Iw_2k,Overcoming Social Anxiety | Marielle Cornes | TEDxYouth@MBJH Anxious
Anxious,The Different Levels of Anxiety,https://www.youtube.com/embed/ZtBlAXo8LsY,The Different Levels of Anxiety Anxious
Anxious,ADHD or Anxiety?,https://www.youtube.com/embed/yJM_GeKdZ6c,ADHD or Anxiety? Anxious
Anxious,The 5 signs of social anxiety #socialanxiety #anxiety #mentalhealth,https://www.youtube.com/embed/zJ6yegVE7WM,The 5 signs of social anxiety #socialanxiety #anxiety #mentalhealth Anxious
Anxious,7 Signs Of Anxiety,https://www.youtube.com/embed/dM--lHKJeA4,7 Signs Of Anxiety Anxious
Anxious,Anxious? How to fall asleep at night! #shorts,https://www.youtube.com/embed/CwGOuac1KqA,Anxious? How to fall asleep at night! #shorts Anxious
Anxious,How to Heal Anxious Attachment - Fast!,https://www.youtube.com/embed/R3z80M4pulA,How to Heal Anxious Attachment - Fast! Anxious
Anxious,Super Fast Anti-Anxiety Relief Point!  Dr. Mandell,https://www.youtube.com/embed/nZP088xSDeQ,Super Fast Anti-Anxiety Relief Point!  Dr. Mandell Anxious
Anxious,this is what anxiety feels like #shorts #adhd #anxiety,https://www.youtube.com/embed/tnFPhNNo4Fw,this is what anxiety feels like #shorts #adhd #anxiety Anxious
Anxious,Relieve Stress &amp; Anxiety with Simple Breathing Techniques,https://www.youtube.com/embed/odADwWzHR24,Relieve Stress &amp; Anxiety with Simple Breathing Techniques Anxious
Anxious,Rewiring Anxiety- The role of the amygdala in learning to be anxious - The Anxiety Cycle 3/30,https://www.youtube.com/embed/lZeZQvyxyyU,Rewiring Anxiety- The role of the amygdala in learning to be anxious - The Anxiety Cycle 3/30 Anxious
Anxious,4 embarrassing anxiety symptoms #mentalhealth #anxiety #anxious,https://www.youtube.com/embed/orfJPm6WuRE,4 embarrassing anxiety symptoms #mentalhealth #anxiety #anxious Anxious
Anxious,How To STOP Anxiety | Mel Robbins ep. 630,https://www.youtube.com/embed/fgNetu6EiZw,How To STOP Anxiety | Mel Robbins ep. 630 Anxious
Anxious,üëâPanic Attack vs Anxiety Attack ‚ù§Ô∏èÔ∏è| #shorts,https://www.youtube.com/embed/23ycQ-r1zCc,üëâPanic Attack vs Anxiety Attack ‚ù§Ô∏èÔ∏è| #shorts Anxious
Anxious,8 Signs of an Anxious Attachment Style,https://www.youtube.com/embed/g-466psrXrA,8 Signs of an Anxious Attachment Style Anxious
Anxious,Anxious But You Don't Know Why? Rewiring the Anxious Brain Part 3,https://www.youtube.com/embed/FJ8W5IZ8j7Q,Anxious But You Don't Know Why? Rewiring the Anxious Brain Part 3 Anxious
Anxious,üíû Top 5 Signs Of Anxious Attachment You Need To Know About,https://www.youtube.com/embed/JWIHqO08x_8,üíû Top 5 Signs Of Anxious Attachment You Need To Know About Anxious
Anxious,Why Avoidant and Anxious Partners Find It Hard to Split Up,https://www.youtube.com/embed/e9EgUvfgojY,Why Avoidant and Anxious Partners Find It Hard to Split Up Anxious
Anxious,The Scary Physical Symptoms Associated With Anxiety #shorts,https://www.youtube.com/embed/jJBVHaOH5pU,The Scary Physical Symptoms Associated With Anxiety #shorts Anxious
Anxious,Fight Flight Freeze ‚Äì A Guide to Anxiety for Kids,https://www.youtube.com/embed/FfSbWc3O_5M,Fight Flight Freeze ‚Äì A Guide to Anxiety for Kids Anxious
Anxious,‚ù§Ô∏èÔ∏èIf You Get Anxious Around Other People... Social Anxiety | Dr. Julie üë©‚Äç‚öïÔ∏è -#shorts,https://www.youtube.com/embed/5ZXeAYsv8p4,‚ù§Ô∏èÔ∏èIf You Get Anxious Around Other People... Social Anxiety | Dr. Julie üë©‚Äç‚öïÔ∏è -#shorts Anxious
Anxious,Why You Feel Anxious Socializing (and What to Do about It) | Fallon Goodman | TED,https://www.youtube.com/embed/RqAOrr_FPxo,Why You Feel Anxious Socializing (and What to Do about It) | Fallon Goodman | TED Anxious
Anxious,Sebelum dan Sesudah terkena Anxiety Disorder #anxiety #bicarakanid,https://www.youtube.com/embed/JanNgf1hKrk,Sebelum dan Sesudah terkena Anxiety Disorder #anxiety #bicarakanid Anxious
Anxious,4 Physical Symptoms Caused by Your Anxiety #anxious #anxiety #mentalhealth #anxietyrelief,https://www.youtube.com/embed/CYh8Q5JTXo4,4 Physical Symptoms Caused by Your Anxiety #anxious #anxiety #mentalhealth #anxietyrelief Anxious
Anxious,Kendall Jenner Opens Up About Her Anxiety | Open Minded | Session 1 | Vogue,https://www.youtube.com/embed/Eupw-yTBkQI,Kendall Jenner Opens Up About Her Anxiety | Open Minded | Session 1 | Vogue Anxious
Anxious,Self-Hatred &amp; Anxiety,https://www.youtube.com/embed/8_PQJNo2wME,Self-Hatred &amp; Anxiety Anxious
Anxious,Revealing Signs of Insecure or Anxious Attachment: How CBT Can Help,https://www.youtube.com/embed/EEEMKbkuHfY,Revealing Signs of Insecure or Anxious Attachment: How CBT Can Help Anxious
Anxious,How To Overcome SOCIAL ANXIETY! ‚ö†Ô∏è,https://www.youtube.com/embed/DENqz6FwtUU,How To Overcome SOCIAL ANXIETY! ‚ö†Ô∏è Anxious
Depressed,What is depression? - Helen M. Farrell,https://www.youtube.com/embed/z-IR48Mb3W0,What is depression? - Helen M. Farrell Depressed
Depressed,This could be why you're depressed or anxious | Johann Hari | TED,https://www.youtube.com/embed/MB5IX-np5fE,This could be why you're depressed or anxious | Johann Hari | TED Depressed
Depressed,What My Depression Feels Like,https://www.youtube.com/embed/8qKlG5N-20I,What My Depression Feels Like Depressed
Depressed,Dealing with depression,https://www.youtube.com/embed/wZF2PLGsksI,Dealing with depression Depressed
Depressed,"I had a black dog, his name was depression",https://www.youtube.com/embed/XiCrniLQGYc,"I had a black dog, his name was depression Depressed"
Depressed,"Depression, the secret we share | Andrew Solomon | TEDxMet",https://www.youtube.com/embed/dBYUn-FEscc,"Depression, the secret we share | Andrew Solomon | TEDxMet Depressed"
Depressed,Why Depressed People Are Very Logical,https://www.youtube.com/embed/0PqqnUB_9RE,Why Depressed People Are Very Logical Depressed
Depressed,On Feeling Depressed,https://www.youtube.com/embed/UoLWYhwROBI,On Feeling Depressed Depressed
Depressed,How to do laundry when you're depressed | KC Davis | TEDxMileHigh,https://www.youtube.com/embed/M1O_MjMRkPg,How to do laundry when you're depressed | KC Davis | TEDxMileHigh Depressed
Depressed,Jim Carrey on Depression: &quot;Your body needs deep rest.&quot;,https://www.youtube.com/embed/lMQJ2bHeP4c,Jim Carrey on Depression: &quot;Your body needs deep rest.&quot; Depressed
Depressed,Why Depression Makes You Feel Hopeless,https://www.youtube.com/embed/2co-5eFSyj8,Why Depression Makes You Feel Hopeless Depressed
Depressed,Depressive and Bipolar Disorders: Crash Course Psychology #30,https://www.youtube.com/embed/ZwMlHkWKDwM,Depressive and Bipolar Disorders: Crash Course Psychology #30 Depressed
Depressed,Top 5 Signs Of High Functioning Depression,https://www.youtube.com/embed/LaVUX5bHz9Y,Top 5 Signs Of High Functioning Depression Depressed
Depressed,"Understanding Depression: Symptoms, Causes and Treatments",https://www.youtube.com/embed/d7NPnvKFs2Y,"Understanding Depression: Symptoms, Causes and Treatments Depressed"
Depressed,Depression Is Not Caused by a Chemical Imbalance,https://www.youtube.com/embed/QsZqbrFTUm0,Depression Is Not Caused by a Chemical Imbalance Depressed
Depressed,How to get stuff done when you are depressed | Jessica Gimeno | TEDxPilsenWomen,https://www.youtube.com/embed/njESlZa2b10,How to get stuff done when you are depressed | Jessica Gimeno | TEDxPilsenWomen Depressed
Depressed,How To Cope With Depression,https://www.youtube.com/embed/8Su5VtKeXU8,How To Cope With Depression Depressed
Depressed,The Definition of True Depression,https://www.youtube.com/embed/igjqioX62i8,The Definition of True Depression Depressed
Depressed,What depression is really like.,https://www.youtube.com/embed/vCHouBfauYI,What depression is really like. Depressed
Depressed,What Is Depression? | Depression Causes And Symptoms | The Dr Binocs Show | Peekaboo Kidz,https://www.youtube.com/embed/0hxFR6tezAc,What Is Depression? | Depression Causes And Symptoms | The Dr Binocs Show | Peekaboo Kidz Depressed
Depressed,"5 Lies Depression Tells You - Depression Motivation, it gets better",https://www.youtube.com/embed/uq2C8us969M,"5 Lies Depression Tells You - Depression Motivation, it gets better Depressed"
Depressed,The link between ADHD and depression | Experts answer,https://www.youtube.com/embed/lDCjZwEF_Jg,The link between ADHD and depression | Experts answer Depressed
Depressed,Living Through Depression: Julia's Story,https://www.youtube.com/embed/a1Y1ocyudjs,Living Through Depression: Julia's Story Depressed
Depressed,What Helped Through Depression,https://www.youtube.com/embed/0Co-8ZcN7CY,What Helped Through Depression Depressed
Depressed,The Lies Depression Tells,https://www.youtube.com/embed/Qjhyrzbn6Rg,The Lies Depression Tells Depressed
Depressed,Do You Have ADHD? or Depression? or Both? #shorts #adhd #depression #mentalhealth,https://www.youtube.com/embed/pY_4v_Mi8zc,Do You Have ADHD? or Depression? or Both? #shorts #adhd #depression #mentalhealth Depressed
Depressed,HOW to heal your depression symptoms‚Ä¶ #depression #depressed #depressionrelief,https://www.youtube.com/embed/etXYWPIyteo,HOW to heal your depression symptoms‚Ä¶ #depression #depressed #depressionrelief Depressed
Depressed,Tablets for depression - Do antidepressants help? | DW Documentary,https://www.youtube.com/embed/J66WzcITH9g,Tablets for depression - Do antidepressants help? | DW Documentary Depressed
Depressed,What is Postpartum Depression? | Understanding Mental Health Conditions,https://www.youtube.com/embed/uSF7Qen7nZg,What is Postpartum Depression? | Understanding Mental Health Conditions Depressed
Depressed,&quot;I'm Fine&quot; - Learning To Live With Depression | Jake Tyler | TEDxBrighton,https://www.youtube.com/embed/IDPDEKtd2yM,&quot;I'm Fine&quot; - Learning To Live With Depression | Jake Tyler | TEDxBrighton Depressed
Depressed,How To Identify if You're Depressed? | Dr. Samir #shorts,https://www.youtube.com/embed/oQm2sK2reng,How To Identify if You're Depressed? | Dr. Samir #shorts Depressed
Depressed,Relieve Depression With This Simple Step - CBT,https://www.youtube.com/embed/29DXrS0bBcU,Relieve Depression With This Simple Step - CBT Depressed
Depressed,Am I Depressed?,https://www.youtube.com/embed/WDiLJJ753ww,Am I Depressed? Depressed
Depressed,You Can Break The Cycle Of Depression,https://www.youtube.com/embed/dsjms8Nq7kE,You Can Break The Cycle Of Depression Depressed
Depressed,7 Things To Avoid When Depressed,https://www.youtube.com/embed/lHYo8YvhgkM,7 Things To Avoid When Depressed Depressed
Depressed,"Bipolar disorder (depression &amp; mania) - causes, symptoms, treatment &amp; pathology",https://www.youtube.com/embed/KSvk8LLBo2g,"Bipolar disorder (depression &amp; mania) - causes, symptoms, treatment &amp; pathology Depressed"
Depressed,8 Types Of Depression You Should Know,https://www.youtube.com/embed/NDOeZD2F7jU,8 Types Of Depression You Should Know Depressed
Depressed,Why Anxiety and Depression Are Connected: Avoidance and Willingness With Painful Emotions,https://www.youtube.com/embed/tqFBipaU620,Why Anxiety and Depression Are Connected: Avoidance and Willingness With Painful Emotions Depressed
Depressed,How ADHD &amp; Depression Alter Your Memory,https://www.youtube.com/embed/Csbr838X0ys,How ADHD &amp; Depression Alter Your Memory Depressed
Depressed,Smart People Are More Likely to be Depressed,https://www.youtube.com/embed/G4iTjvQ9qDY,Smart People Are More Likely to be Depressed Depressed
Depressed,How to support someone who is struggling with depression #depression #mentalhealth,https://www.youtube.com/embed/o-3Xctke6PQ,How to support someone who is struggling with depression #depression #mentalhealth Depressed
Depressed,"6 Signs You're Depressed, Not Lazy",https://www.youtube.com/embed/q8HRGiUeZwc,"6 Signs You're Depressed, Not Lazy Depressed"
Depressed,Are you depressed or just sad? Here's how to tell,https://www.youtube.com/embed/LtKrmKlbcBs,Are you depressed or just sad? Here's how to tell Depressed
Depressed,9 Symptoms of Depression #shorts,https://www.youtube.com/embed/rJb6_3B1aHE,9 Symptoms of Depression #shorts Depressed
Depressed,Fight Depression and Burnout in 2 Minutes a Day: 3 Good Things Activity,https://www.youtube.com/embed/sWfNosruPPw,Fight Depression and Burnout in 2 Minutes a Day: 3 Good Things Activity Depressed
Depressed,"7 Signs You‚Äôre Not Lazy, But Depressed",https://www.youtube.com/embed/WYF0v7itMl4,"7 Signs You‚Äôre Not Lazy, But Depressed Depressed"
Overwhelmed,feeling overwhelmed this semester? watch this chill uni vlog,https://www.youtube.com/embed/iQl9CZ6Rc4U,feeling overwhelmed this semester? watch this chill uni vlog Overwhelmed
Overwhelmed,learned what overwhelmed means,https://www.youtube.com/embed/rzWf_exJqH8,learned what overwhelmed means Overwhelmed
Overwhelmed,If You're Feeling Overwhelmed Watch This,https://www.youtube.com/embed/7VfSCQnGfk4,If You're Feeling Overwhelmed Watch This Overwhelmed
Overwhelmed,Feeling Overwhelmed?,https://www.youtube.com/embed/-1IaP_5mdU8,Feeling Overwhelmed? Overwhelmed
Overwhelmed,Feel Overwhelmed? Try This 30-Second Technique,https://www.youtube.com/embed/nX4dpGQ5wF4,Feel Overwhelmed? Try This 30-Second Technique Overwhelmed
Overwhelmed,This is How You Stop Feeling Overwhelmed,https://www.youtube.com/embed/DPrOQhf_q8s,This is How You Stop Feeling Overwhelmed Overwhelmed
Overwhelmed,Tips Biar Tetap Produktif Tanpa Merasa Stres (Mengatasi Emotional Overwhelmed),https://www.youtube.com/embed/3YNYMlT3kps,Tips Biar Tetap Produktif Tanpa Merasa Stres (Mengatasi Emotional Overwhelmed) Overwhelmed
Overwhelmed,‚Äú i get overwhelmed ‚Äù || #theamazingdigitalcircus #digital circus #tads #pomni #edit #wenixen,https://www.youtube.com/embed/eBm70p29jhI,‚Äú i get overwhelmed ‚Äù || #theamazingdigitalcircus #digital circus #tads #pomni #edit #wenixen Overwhelmed
Overwhelmed,Feeling stressed and overwhelmed. This is what's helping me.,https://www.youtube.com/embed/MAEqhEmpkwE,Feeling stressed and overwhelmed. This is what's helping me. Overwhelmed
Overwhelmed,How to stop being OVERWHELMED,https://www.youtube.com/embed/mj_1xkxG_T4,How to stop being OVERWHELMED Overwhelmed
Overwhelmed,How to understand ADHD overwhelm üíö #adhd #adhdbrain #neurodivergent,https://www.youtube.com/embed/Hu_dj8ai0k0,How to understand ADHD overwhelm üíö #adhd #adhdbrain #neurodivergent Overwhelmed
Overwhelmed,If You're Tired of Feeling Overwhelmed,https://www.youtube.com/embed/I1RUy1jOx4U,If You're Tired of Feeling Overwhelmed Overwhelmed
Overwhelmed,How To Stop Being Overwhelmed,https://www.youtube.com/embed/CndfkGUWGwM,How To Stop Being Overwhelmed Overwhelmed
Overwhelmed,Overcoming Overwhelm | Luke Reinhart | TEDxNewAlbany,https://www.youtube.com/embed/b0EdU-mTkZA,Overcoming Overwhelm | Luke Reinhart | TEDxNewAlbany Overwhelmed
Overwhelmed,Feeling Overwhelmed? Try This Grounding Technique,https://www.youtube.com/embed/qPELrUCgB8M,Feeling Overwhelmed? Try This Grounding Technique Overwhelmed
Overwhelmed,Overwhelmed? Do This! An Antidote to Feeling Overwhelmed,https://www.youtube.com/embed/fIVQb4fxgEw,Overwhelmed? Do This! An Antidote to Feeling Overwhelmed Overwhelmed
Overwhelmed,What do you do when you feel overwhelmed?,https://www.youtube.com/embed/35k_Nd2h28U,What do you do when you feel overwhelmed? Overwhelmed
Overwhelmed,Watch This If You Feel Overwhelmed,https://www.youtube.com/embed/1c_bZAMJEoo,Watch This If You Feel Overwhelmed Overwhelmed
Panicked,How to stop panic  Tapping for anxiety attacks and panic attacks #panic #panicattack #mentalhealth,https://www.youtube.com/embed/Yfw6Kqjwp-Q,How to stop panic  Tapping for anxiety attacks and panic attacks #panic #panicattack #mentalhealth Panicked
Panicked,"What causes panic attacks, and how can you prevent them? - Cindy J. Aaronson",https://www.youtube.com/embed/IzFObkVRSV0,"What causes panic attacks, and how can you prevent them? - Cindy J. Aaronson Panicked"
Panicked,What are Panic Attacks ‚Äì Why You Get them?,https://www.youtube.com/embed/_clCzEnTvAE,What are Panic Attacks ‚Äì Why You Get them? Panicked
Panicked,How To Cope With Panic Attacks,https://www.youtube.com/embed/lbJv4AiDatg,How To Cope With Panic Attacks Panicked
Panicked,Having a Panic Attack? The Anti-Struggle Technique -A Guided Walkthrough to Stop a Panic Attack,https://www.youtube.com/embed/2CQpyA485wc,Having a Panic Attack? The Anti-Struggle Technique -A Guided Walkthrough to Stop a Panic Attack Panicked
Panicked,üëâPanic Attack vs Anxiety Attack ‚ù§Ô∏èÔ∏è| #shorts,https://www.youtube.com/embed/23ycQ-r1zCc,üëâPanic Attack vs Anxiety Attack ‚ù§Ô∏èÔ∏è| #shorts Panicked
Panicked,Panic attacks,https://www.youtube.com/embed/gfWGmgz8BiY,Panic attacks Panicked
Loneliness,Being alone and being lonely are two different things #gabormate #loneliness #mentalhealth,https://www.youtube.com/embed/aT0efqZ8lws,Being alone and being lonely are two different things #gabormate #loneliness #mentalhealth Loneliness
Loneliness,The Psychology of Male Loneliness,https://www.youtube.com/embed/qdBavW0x62k,The Psychology of Male Loneliness Loneliness
Loneliness,Loneliness,https://www.youtube.com/embed/n3Xv_g3g-mA,Loneliness Loneliness
Loneliness,Being Alone is not the same as Being Lonely,https://www.youtube.com/embed/lxD9Y5fYdFw,Being Alone is not the same as Being Lonely Loneliness
Loneliness,Watch This Random Video If You're feeling LONELY,https://www.youtube.com/embed/yTNjKroXShg,Watch This Random Video If You're feeling LONELY Loneliness
Loneliness,Why we're lonely,https://www.youtube.com/embed/88KJwEu5TRs,Why we're lonely Loneliness
Loneliness,How to get rid of loneliness and become happy | Olivia Remes | TEDxNewcastle,https://www.youtube.com/embed/vZT-bB66iIk,How to get rid of loneliness and become happy | Olivia Remes | TEDxNewcastle Loneliness
Loneliness,"Loneliness Is Awesome, Actually.",https://www.youtube.com/embed/W5SKxUwvJN0,"Loneliness Is Awesome, Actually. Loneliness"
Loneliness,The Rise Of Male Loneliness,https://www.youtube.com/embed/_SIj6fUnG2Y,The Rise Of Male Loneliness Loneliness
Loneliness,Five Hiddenü§ê Signs of Lonelinessüòï #shorts,https://www.youtube.com/embed/_izQXLoyDyk,Five Hiddenü§ê Signs of Lonelinessüòï #shorts Loneliness
Loneliness,The dangers of loneliness| Richard Pile | TEDxSt Albans,https://www.youtube.com/embed/sPsvOd-kwVU,The dangers of loneliness| Richard Pile | TEDxSt Albans Loneliness
Loneliness,How to Deal With Loneliness,https://www.youtube.com/embed/LDMY7qtOPiI,How to Deal With Loneliness Loneliness
Loneliness,How to Beat Loneliness and Social Isolation: Expert Insights,https://www.youtube.com/embed/sfA3TQXvN6E,How to Beat Loneliness and Social Isolation: Expert Insights Loneliness
Loneliness,Why Does Everyone Feel So Lonely? @TheDiaryOfACEO,https://www.youtube.com/embed/v--K1gevJPM,Why Does Everyone Feel So Lonely? @TheDiaryOfACEO Loneliness
Loneliness,Overcoming Loneliness ‚Äì Dr. Charles Stanley,https://www.youtube.com/embed/RhKBi52H0j8,Overcoming Loneliness ‚Äì Dr. Charles Stanley Loneliness
Loneliness,Can Loneliness Kill You?,https://www.youtube.com/embed/QuWsHyuLD_E,Can Loneliness Kill You? Loneliness
Loneliness,Feeling Lonely? Watch This | Buddhism In English,https://www.youtube.com/embed/1oanOmN83fw,Feeling Lonely? Watch This | Buddhism In English Loneliness
Loneliness,5 Signs You're Experiencing Deep Loneliness,https://www.youtube.com/embed/e17_oC0tnNQ,5 Signs You're Experiencing Deep Loneliness Loneliness
Loneliness,a prayer for anyone feeling lonely...#shorts,https://www.youtube.com/embed/43mmu41lrJU,a prayer for anyone feeling lonely...#shorts Loneliness
Loneliness,5 Ways to Beat Loneliness,https://www.youtube.com/embed/sxt3ypRp3WM,5 Ways to Beat Loneliness Loneliness
Loneliness,A simple cure for loneliness #shorts #tedx,https://www.youtube.com/embed/pOeIPrKcys0,A simple cure for loneliness #shorts #tedx Loneliness
Loneliness,7 Signs You Feel Deep Loneliness,https://www.youtube.com/embed/nSVR5AoWUcU,7 Signs You Feel Deep Loneliness Loneliness
Loneliness,How To Stop Feeling Lonely! ‚ö†Ô∏è,https://www.youtube.com/embed/_ms_KRKFLA8,How To Stop Feeling Lonely! ‚ö†Ô∏è Loneliness
Loneliness,ü§ê Hidden Signs Of Loneliness - Dr Julie #shorts,https://www.youtube.com/embed/k_78VfGWSyQ,ü§ê Hidden Signs Of Loneliness - Dr Julie #shorts Loneliness
Loneliness,How to cope with loneliness #shorts #tedx,https://www.youtube.com/embed/8L-GrDV0Gqw,How to cope with loneliness #shorts #tedx Loneliness
Loneliness,6 Things You Didn‚Äôt Know Were Loneliness,https://www.youtube.com/embed/xC__WfUs1iU,6 Things You Didn‚Äôt Know Were Loneliness Loneliness
Loneliness,How To Overcome Loneliness? | Sadhguru,https://www.youtube.com/embed/vtg9q00AZOc,How To Overcome Loneliness? | Sadhguru Loneliness
Loneliness,"How loneliness is killing us, according to a Harvard professor | Robert Waldinger",https://www.youtube.com/embed/JxbYPk1MIyw,"How loneliness is killing us, according to a Harvard professor | Robert Waldinger Loneliness"
Loneliness,The Cure for Loneliness,https://www.youtube.com/embed/kWcQyEHRudE,The Cure for Loneliness Loneliness
Loneliness,Loneliness vs being alone üôè #shorts,https://www.youtube.com/embed/c1QMe7JD9zo,Loneliness vs being alone üôè #shorts Loneliness
Loneliness,How to Stop Feeling Lonely,https://www.youtube.com/embed/TUNuYhkALEY,How to Stop Feeling Lonely Loneliness
Loneliness,4 Hidden Signs Of Loneliness,https://www.youtube.com/embed/jF_4YwpgqM4,4 Hidden Signs Of Loneliness Loneliness
Loneliness,How to stop feeling lonely (forever),https://www.youtube.com/embed/U5kU-w9ii0Y,How to stop feeling lonely (forever) Loneliness
